"country","colonizer","col","colstart_max","colend_max","colstart_mean","colend_mean"
"Afghanistan","belgium",0,NA,NA,NA,NA
"Albania","belgium",0,NA,NA,NA,NA
"Algeria","belgium",0,NA,NA,NA,NA
"Andorra","belgium",0,NA,NA,NA,NA
"Angola","belgium",0,NA,NA,NA,NA
"Antigua & Barbuda","belgium",0,NA,NA,NA,NA
"Argentina","belgium",0,NA,NA,NA,NA
"Armenia","belgium",0,NA,NA,NA,NA
"Australia","belgium",0,NA,NA,NA,NA
"Austria","belgium",0,NA,NA,NA,NA
"Azerbaijan","belgium",0,NA,NA,NA,NA
"Bahamas","belgium",0,NA,NA,NA,NA
"Bahrain","belgium",0,NA,NA,NA,NA
"Bangladesh","belgium",0,NA,NA,NA,NA
"Barbados","belgium",0,NA,NA,NA,NA
"Belarus","belgium",0,NA,NA,NA,NA
"Belgium","belgium",0,NA,NA,NA,NA
"Belize","belgium",0,NA,NA,NA,NA
"Benin","belgium",0,NA,NA,NA,NA
"Bhutan","belgium",0,NA,NA,NA,NA
"Bolivia","belgium",0,NA,NA,NA,NA
"Bosnia & Herzegovina","belgium",0,NA,NA,NA,NA
"Botswana","belgium",0,NA,NA,NA,NA
"Brazil","belgium",0,NA,NA,NA,NA
"Brunei","belgium",0,NA,NA,NA,NA
"Bulgaria","belgium",0,NA,NA,NA,NA
"Burkina Faso","belgium",0,NA,NA,NA,NA
"Burundi","belgium",1,1923,1962,1922,1962
"Cambodia","belgium",0,NA,NA,NA,NA
"Cameroon","belgium",0,NA,NA,NA,NA
"Canada","belgium",0,NA,NA,NA,NA
"Cape Verde","belgium",0,NA,NA,NA,NA
"Central African Republic","belgium",0,NA,NA,NA,NA
"Chad","belgium",0,NA,NA,NA,NA
"Chile","belgium",0,NA,NA,NA,NA
"China","belgium",0,NA,NA,NA,NA
"Colombia","belgium",0,NA,NA,NA,NA
"Comoros","belgium",0,NA,NA,NA,NA
"Congo - Brazzaville","belgium",0,NA,NA,NA,NA
"Congo - Kinshasa","belgium",1,1885,1960,1885,1960
"Costa Rica","belgium",0,NA,NA,NA,NA
"Côte d’Ivoire","belgium",0,NA,NA,NA,NA
"Croatia","belgium",0,NA,NA,NA,NA
"Cuba","belgium",0,NA,NA,NA,NA
"Cyprus","belgium",0,NA,NA,NA,NA
"Czechia","belgium",0,NA,NA,NA,NA
"Denmark","belgium",0,NA,NA,NA,NA
"Djibouti","belgium",0,NA,NA,NA,NA
"Dominica","belgium",0,NA,NA,NA,NA
"Dominican Republic","belgium",0,NA,NA,NA,NA
"Ecuador","belgium",0,NA,NA,NA,NA
"Egypt","belgium",0,NA,NA,NA,NA
"El Salvador","belgium",0,NA,NA,NA,NA
"Equatorial Guinea","belgium",0,NA,NA,NA,NA
"Eritrea","belgium",0,NA,NA,NA,NA
"Estonia","belgium",0,NA,NA,NA,NA
"Eswatini","belgium",0,NA,NA,NA,NA
"Ethiopia","belgium",0,NA,NA,NA,NA
"Fiji","belgium",0,NA,NA,NA,NA
"Finland","belgium",0,NA,NA,NA,NA
"France","belgium",0,NA,NA,NA,NA
"Gabon","belgium",0,NA,NA,NA,NA
"Gambia","belgium",0,NA,NA,NA,NA
"Georgia","belgium",0,NA,NA,NA,NA
"Germany","belgium",0,NA,NA,NA,NA
"Ghana","belgium",0,NA,NA,NA,NA
"Greece","belgium",0,NA,NA,NA,NA
"Grenada","belgium",0,NA,NA,NA,NA
"Guatemala","belgium",0,NA,NA,NA,NA
"Guinea","belgium",0,NA,NA,NA,NA
"Guinea-Bissau","belgium",0,NA,NA,NA,NA
"Guyana","belgium",0,NA,NA,NA,NA
"Haiti","belgium",0,NA,NA,NA,NA
"Honduras","belgium",0,NA,NA,NA,NA
"Hungary","belgium",0,NA,NA,NA,NA
"Iceland","belgium",0,NA,NA,NA,NA
"India","belgium",0,NA,NA,NA,NA
"Indonesia","belgium",0,NA,NA,NA,NA
"Iran","belgium",0,NA,NA,NA,NA
"Iraq","belgium",0,NA,NA,NA,NA
"Ireland","belgium",0,NA,NA,NA,NA
"Israel","belgium",0,NA,NA,NA,NA
"Italy","belgium",0,NA,NA,NA,NA
"Jamaica","belgium",0,NA,NA,NA,NA
"Japan","belgium",0,NA,NA,NA,NA
"Jordan","belgium",0,NA,NA,NA,NA
"Kazakhstan","belgium",0,NA,NA,NA,NA
"Kenya","belgium",0,NA,NA,NA,NA
"Kiribati","belgium",0,NA,NA,NA,NA
"Kosovo","belgium",0,NA,NA,NA,NA
"Kuwait","belgium",0,NA,NA,NA,NA
"Kyrgyzstan","belgium",0,NA,NA,NA,NA
"Laos","belgium",0,NA,NA,NA,NA
"Latvia","belgium",0,NA,NA,NA,NA
"Lebanon","belgium",0,NA,NA,NA,NA
"Lesotho","belgium",0,NA,NA,NA,NA
"Liberia","belgium",0,NA,NA,NA,NA
"Libya","belgium",0,NA,NA,NA,NA
"Liechtenstein","belgium",0,NA,NA,NA,NA
"Lithuania","belgium",0,NA,NA,NA,NA
"Luxembourg","belgium",0,NA,NA,NA,NA
"Madagascar","belgium",0,NA,NA,NA,NA
"Malawi","belgium",0,NA,NA,NA,NA
"Malaysia","belgium",0,NA,NA,NA,NA
"Maldives","belgium",0,NA,NA,NA,NA
"Mali","belgium",0,NA,NA,NA,NA
"Malta","belgium",0,NA,NA,NA,NA
"Marshall Islands","belgium",0,NA,NA,NA,NA
"Mauritania","belgium",0,NA,NA,NA,NA
"Mauritius","belgium",0,NA,NA,NA,NA
"Mexico","belgium",0,NA,NA,NA,NA
"Micronesia (Federated States of)","belgium",0,NA,NA,NA,NA
"Moldova","belgium",0,NA,NA,NA,NA
"Monaco","belgium",0,NA,NA,NA,NA
"Mongolia","belgium",0,NA,NA,NA,NA
"Montenegro","belgium",0,NA,NA,NA,NA
"Morocco","belgium",0,NA,NA,NA,NA
"Mozambique","belgium",0,NA,NA,NA,NA
"Myanmar (Burma)","belgium",0,NA,NA,NA,NA
"Namibia","belgium",0,NA,NA,NA,NA
"Nauru","belgium",0,NA,NA,NA,NA
"Nepal","belgium",0,NA,NA,NA,NA
"Netherlands","belgium",0,NA,NA,NA,NA
"New Zealand","belgium",0,NA,NA,NA,NA
"Nicaragua","belgium",0,NA,NA,NA,NA
"Niger","belgium",0,NA,NA,NA,NA
"Nigeria","belgium",0,NA,NA,NA,NA
"North Korea","belgium",0,NA,NA,NA,NA
"North Macedonia","belgium",0,NA,NA,NA,NA
"Norway","belgium",0,NA,NA,NA,NA
"Oman","belgium",0,NA,NA,NA,NA
"Pakistan","belgium",0,NA,NA,NA,NA
"Palau","belgium",0,NA,NA,NA,NA
"Panama","belgium",0,NA,NA,NA,NA
"Papua New Guinea","belgium",0,NA,NA,NA,NA
"Paraguay","belgium",0,NA,NA,NA,NA
"Peru","belgium",0,NA,NA,NA,NA
"Philippines","belgium",0,NA,NA,NA,NA
"Poland","belgium",0,NA,NA,NA,NA
"Portugal","belgium",0,NA,NA,NA,NA
"Qatar","belgium",0,NA,NA,NA,NA
"Romania","belgium",0,NA,NA,NA,NA
"Russia","belgium",0,NA,NA,NA,NA
"Rwanda","belgium",1,1922,1962,1919,1962
"Samoa","belgium",0,NA,NA,NA,NA
"San Marino","belgium",0,NA,NA,NA,NA
"São Tomé & Príncipe","belgium",0,NA,NA,NA,NA
"Saudi Arabia","belgium",0,NA,NA,NA,NA
"Senegal","belgium",0,NA,NA,NA,NA
"Serbia","belgium",0,NA,NA,NA,NA
"Seychelles","belgium",0,NA,NA,NA,NA
"Sierra Leone","belgium",0,NA,NA,NA,NA
"Singapore","belgium",0,NA,NA,NA,NA
"Slovakia","belgium",0,NA,NA,NA,NA
"Slovenia","belgium",0,NA,NA,NA,NA
"Solomon Islands","belgium",0,NA,NA,NA,NA
"Somalia","belgium",0,NA,NA,NA,NA
"South Africa","belgium",0,NA,NA,NA,NA
"South Korea","belgium",0,NA,NA,NA,NA
"South Sudan","belgium",0,NA,NA,NA,NA
"Spain","belgium",0,NA,NA,NA,NA
"Sri Lanka","belgium",0,NA,NA,NA,NA
"St. Kitts & Nevis","belgium",0,NA,NA,NA,NA
"St. Lucia","belgium",0,NA,NA,NA,NA
"St. Vincent & Grenadines","belgium",0,NA,NA,NA,NA
"Sudan","belgium",0,NA,NA,NA,NA
"Suriname","belgium",0,NA,NA,NA,NA
"Sweden","belgium",0,NA,NA,NA,NA
"Switzerland","belgium",0,NA,NA,NA,NA
"Syria","belgium",0,NA,NA,NA,NA
"Taiwan","belgium",0,NA,NA,NA,NA
"Tajikistan","belgium",0,NA,NA,NA,NA
"Tanzania","belgium",0,NA,NA,NA,NA
"Thailand","belgium",0,NA,NA,NA,NA
"Timor-Leste","belgium",0,NA,NA,NA,NA
"Togo","belgium",0,NA,NA,NA,NA
"Tonga","belgium",0,NA,NA,NA,NA
"Trinidad & Tobago","belgium",0,NA,NA,NA,NA
"Tunisia","belgium",0,NA,NA,NA,NA
"Turkey","belgium",0,NA,NA,NA,NA
"Turkmenistan","belgium",0,NA,NA,NA,NA
"Tuvalu","belgium",0,NA,NA,NA,NA
"Uganda","belgium",0,NA,NA,NA,NA
"Ukraine","belgium",0,NA,NA,NA,NA
"United Arab Emirates","belgium",0,NA,NA,NA,NA
"United Kingdom","belgium",0,NA,NA,NA,NA
"United States","belgium",0,NA,NA,NA,NA
"Uruguay","belgium",0,NA,NA,NA,NA
"Uzbekistan","belgium",0,NA,NA,NA,NA
"Vanuatu","belgium",0,NA,NA,NA,NA
"Venezuela","belgium",0,NA,NA,NA,NA
"Vietnam","belgium",0,NA,NA,NA,NA
"Yemen","belgium",0,NA,NA,NA,NA
"Zambia","belgium",0,NA,NA,NA,NA
"Zimbabwe","belgium",0,NA,NA,NA,NA
"Afghanistan","britain",0,NA,NA,NA,NA
"Albania","britain",0,NA,NA,NA,NA
"Algeria","britain",0,NA,NA,NA,NA
"Andorra","britain",0,NA,NA,NA,NA
"Angola","britain",0,NA,NA,NA,NA
"Antigua & Barbuda","britain",1,1632,1981,1632,1974
"Argentina","britain",0,NA,NA,NA,NA
"Armenia","britain",0,NA,NA,NA,NA
"Australia","britain",1,1829,1919,1798,1904
"Austria","britain",0,NA,NA,NA,NA
"Azerbaijan","britain",0,NA,NA,NA,NA
"Bahamas","britain",1,1783,1973,1738,1973
"Bahrain","britain",1,1861,1971,1861,1971
"Bangladesh","britain",1,1857,1947,1796,1947
"Barbados","britain",1,1627,1966,1627,1966
"Belarus","britain",0,NA,NA,NA,NA
"Belgium","britain",0,NA,NA,NA,NA
"Belize","britain",1,1798,1981,1798,1980
"Benin","britain",0,NA,NA,NA,NA
"Bhutan","britain",1,1910,1949,1888,1949
"Bolivia","britain",0,NA,NA,NA,NA
"Bosnia & Herzegovina","britain",0,NA,NA,NA,NA
"Botswana","britain",1,1895,1966,1887,1966
"Brazil","britain",0,NA,NA,NA,NA
"Brunei","britain",1,1888,1984,1888,1984
"Bulgaria","britain",0,NA,NA,NA,NA
"Burkina Faso","britain",0,NA,NA,NA,NA
"Burundi","britain",0,NA,NA,NA,NA
"Cambodia","britain",0,NA,NA,NA,NA
"Cameroon","britain",0,NA,NA,NA,NA
"Canada","britain",1,1763,1919,1737,1877
"Cape Verde","britain",0,NA,NA,NA,NA
"Central African Republic","britain",0,NA,NA,NA,NA
"Chad","britain",0,NA,NA,NA,NA
"Chile","britain",0,NA,NA,NA,NA
"China","britain",0,NA,NA,NA,NA
"Colombia","britain",0,NA,NA,NA,NA
"Comoros","britain",0,NA,NA,NA,NA
"Congo - Brazzaville","britain",0,NA,NA,NA,NA
"Congo - Kinshasa","britain",0,NA,NA,NA,NA
"Costa Rica","britain",0,NA,NA,NA,NA
"Côte d’Ivoire","britain",0,NA,NA,NA,NA
"Croatia","britain",0,NA,NA,NA,NA
"Cuba","britain",0,NA,NA,NA,NA
"Cyprus","britain",1,1914,1960,1887,1960
"Czechia","britain",0,NA,NA,NA,NA
"Denmark","britain",0,NA,NA,NA,NA
"Djibouti","britain",0,NA,NA,NA,NA
"Dominica","britain",1,1805,1978,1805,1972
"Dominican Republic","britain",0,NA,NA,NA,NA
"Ecuador","britain",0,NA,NA,NA,NA
"Egypt","britain",1,1882,1935,1882,1926
"El Salvador","britain",0,NA,NA,NA,NA
"Equatorial Guinea","britain",1,1827,1857,1827,1857
"Eritrea","britain",1,1941,1951,1941,1951
"Estonia","britain",0,NA,NA,NA,NA
"Eswatini","britain",1,1903,1968,1897,1968
"Ethiopia","britain",0,NA,NA,NA,NA
"Fiji","britain",1,1874,1970,1872,1970
"Finland","britain",0,NA,NA,NA,NA
"France","britain",0,NA,NA,NA,NA
"Gabon","britain",0,NA,NA,NA,NA
"Gambia","britain",1,1888,1965,1852,1965
"Georgia","britain",0,NA,NA,NA,NA
"Germany","britain",0,NA,NA,NA,NA
"Ghana","britain",1,1874,1957,1874,1957
"Greece","britain",0,NA,NA,NA,NA
"Grenada","britain",1,1762,1974,1762,1970
"Guatemala","britain",0,NA,NA,NA,NA
"Guinea","britain",0,NA,NA,NA,NA
"Guinea-Bissau","britain",0,NA,NA,NA,NA
"Guyana","britain",1,1814,1966,1814,1966
"Haiti","britain",0,NA,NA,NA,NA
"Honduras","britain",0,NA,NA,NA,NA
"Hungary","britain",0,NA,NA,NA,NA
"Iceland","britain",0,NA,NA,NA,NA
"India","britain",1,1857,1947,1803,1947
"Indonesia","britain",0,NA,NA,NA,NA
"Iran","britain",0,NA,NA,NA,NA
"Iraq","britain",1,1920,1932,1917,1932
"Ireland","britain",0,NA,NA,NA,NA
"Israel","britain",1,1923,1948,1920,1948
"Italy","britain",0,NA,NA,NA,NA
"Jamaica","britain",1,1655,1962,1655,1962
"Japan","britain",0,NA,NA,NA,NA
"Jordan","britain",1,1923,1946,1923,1946
"Kazakhstan","britain",0,NA,NA,NA,NA
"Kenya","britain",1,1895,1963,1891,1963
"Kiribati","britain",1,1892,1979,1892,1979
"Kosovo","britain",0,NA,NA,NA,NA
"Kuwait","britain",1,1914,1961,1914,1961
"Kyrgyzstan","britain",0,NA,NA,NA,NA
"Laos","britain",0,NA,NA,NA,NA
"Latvia","britain",0,NA,NA,NA,NA
"Lebanon","britain",0,NA,NA,NA,NA
"Lesotho","britain",1,1884,1966,1874,1966
"Liberia","britain",0,NA,NA,NA,NA
"Libya","britain",1,1946,1952,1946,1952
"Liechtenstein","britain",0,NA,NA,NA,NA
"Lithuania","britain",0,NA,NA,NA,NA
"Luxembourg","britain",0,NA,NA,NA,NA
"Madagascar","britain",0,NA,NA,NA,NA
"Malawi","britain",1,1891,1964,1891,1964
"Malaysia","britain",1,1888,1963,1847,1958
"Maldives","britain",1,1887,1965,1887,1965
"Mali","britain",0,NA,NA,NA,NA
"Malta","britain",0,NA,NA,NA,NA
"Marshall Islands","britain",0,NA,NA,NA,NA
"Mauritania","britain",0,NA,NA,NA,NA
"Mauritius","britain",1,1810,1968,1810,1968
"Mexico","britain",0,NA,NA,NA,NA
"Micronesia (Federated States of)","britain",0,NA,NA,NA,NA
"Moldova","britain",0,NA,NA,NA,NA
"Monaco","britain",0,NA,NA,NA,NA
"Mongolia","britain",0,NA,NA,NA,NA
"Montenegro","britain",0,NA,NA,NA,NA
"Morocco","britain",0,NA,NA,NA,NA
"Mozambique","britain",0,NA,NA,NA,NA
"Myanmar (Burma)","britain",1,1886,1948,1879,1948
"Namibia","britain",1,1915,1920,1915,1920
"Nauru","britain",1,1914,1968,1914,1944
"Nepal","britain",0,NA,NA,NA,NA
"Netherlands","britain",0,NA,NA,NA,NA
"New Zealand","britain",1,1840,1920,1840,1909
"Nicaragua","britain",0,NA,NA,NA,NA
"Niger","britain",0,NA,NA,NA,NA
"Nigeria","britain",1,1899,1960,1874,1960
"North Korea","britain",0,NA,NA,NA,NA
"North Macedonia","britain",0,NA,NA,NA,NA
"Norway","britain",0,NA,NA,NA,NA
"Oman","britain",0,NA,NA,NA,NA
"Pakistan","britain",1,1857,1947,1830,1947
"Palau","britain",0,NA,NA,NA,NA
"Panama","britain",0,NA,NA,NA,NA
"Papua New Guinea","britain",1,1884,1920,1884,1912
"Paraguay","britain",0,NA,NA,NA,NA
"Peru","britain",0,NA,NA,NA,NA
"Philippines","britain",0,NA,NA,NA,NA
"Poland","britain",0,NA,NA,NA,NA
"Portugal","britain",0,NA,NA,NA,NA
"Qatar","britain",1,1916,1971,1914,1970
"Romania","britain",0,NA,NA,NA,NA
"Russia","britain",0,NA,NA,NA,NA
"Rwanda","britain",0,NA,NA,NA,NA
"Samoa","britain",1,1914,1920,1914,1920
"San Marino","britain",0,NA,NA,NA,NA
"São Tomé & Príncipe","britain",0,NA,NA,NA,NA
"Saudi Arabia","britain",0,NA,NA,NA,NA
"Senegal","britain",1,1693,1817,1693,1817
"Serbia","britain",0,NA,NA,NA,NA
"Seychelles","britain",1,1814,1976,1814,1976
"Sierra Leone","britain",1,1896,1961,1838,1961
"Singapore","britain",1,1826,1963,1821,1961
"Slovakia","britain",0,NA,NA,NA,NA
"Slovenia","britain",0,NA,NA,NA,NA
"Solomon Islands","britain",1,1893,1978,1893,1978
"Somalia","britain",1,1888,1960,1885,1956
"South Africa","britain",1,1814,1920,1801,1912
"South Korea","britain",0,NA,NA,NA,NA
"South Sudan","britain",0,NA,NA,NA,NA
"Spain","britain",0,NA,NA,NA,NA
"Sri Lanka","britain",1,1798,1948,1797,1948
"St. Kitts & Nevis","britain",1,1623,1983,1623,1975
"St. Lucia","britain",1,1814,1979,1814,1973
"St. Vincent & Grenadines","britain",1,1762,1979,1762,1974
"Sudan","britain",1,1898,1956,1898,1956
"Suriname","britain",0,NA,NA,NA,NA
"Sweden","britain",0,NA,NA,NA,NA
"Switzerland","britain",0,NA,NA,NA,NA
"Syria","britain",0,NA,NA,NA,NA
"Taiwan","britain",0,NA,NA,NA,NA
"Tajikistan","britain",0,NA,NA,NA,NA
"Tanzania","britain",1,1918,1963,1912,1961
"Thailand","britain",0,NA,NA,NA,NA
"Timor-Leste","britain",0,NA,NA,NA,NA
"Togo","britain",0,NA,NA,NA,NA
"Tonga","britain",1,1900,1970,1900,1970
"Trinidad & Tobago","britain",1,1797,1962,1797,1962
"Tunisia","britain",0,NA,NA,NA,NA
"Turkey","britain",0,NA,NA,NA,NA
"Turkmenistan","britain",0,NA,NA,NA,NA
"Tuvalu","britain",1,1892,1979,1892,1978
"Uganda","britain",1,1894,1962,1892,1962
"Ukraine","britain",0,NA,NA,NA,NA
"United Arab Emirates","britain",1,1892,1971,1892,1971
"United Kingdom","britain",0,NA,NA,NA,NA
"United States","britain",1,1607,1783,1607,1781
"Uruguay","britain",0,NA,NA,NA,NA
"Uzbekistan","britain",0,NA,NA,NA,NA
"Vanuatu","britain",1,1906,1980,1906,1980
"Venezuela","britain",0,NA,NA,NA,NA
"Vietnam","britain",0,NA,NA,NA,NA
"Yemen","britain",1,1959,1967,1879,1967
"Zambia","britain",1,1923,1964,1900,1964
"Zimbabwe","britain",1,1923,1980,1900,1975
"Afghanistan","france",0,NA,NA,NA,NA
"Albania","france",0,NA,NA,NA,NA
"Algeria","france",1,1848,1962,1836,1962
"Andorra","france",0,NA,NA,NA,NA
"Angola","france",0,NA,NA,NA,NA
"Antigua & Barbuda","france",0,NA,NA,NA,NA
"Argentina","france",0,NA,NA,NA,NA
"Armenia","france",0,NA,NA,NA,NA
"Australia","france",0,NA,NA,NA,NA
"Austria","france",0,NA,NA,NA,NA
"Azerbaijan","france",0,NA,NA,NA,NA
"Bahamas","france",0,NA,NA,NA,NA
"Bahrain","france",0,NA,NA,NA,NA
"Bangladesh","france",0,NA,NA,NA,NA
"Barbados","france",0,NA,NA,NA,NA
"Belarus","france",0,NA,NA,NA,NA
"Belgium","france",0,NA,NA,NA,NA
"Belize","france",0,NA,NA,NA,NA
"Benin","france",1,1894,1960,1873,1960
"Bhutan","france",0,NA,NA,NA,NA
"Bolivia","france",0,NA,NA,NA,NA
"Bosnia & Herzegovina","france",0,NA,NA,NA,NA
"Botswana","france",0,NA,NA,NA,NA
"Brazil","france",0,NA,NA,NA,NA
"Brunei","france",0,NA,NA,NA,NA
"Bulgaria","france",0,NA,NA,NA,NA
"Burkina Faso","france",1,1895,1960,1895,1960
"Burundi","france",0,NA,NA,NA,NA
"Cambodia","france",1,1884,1953,1868,1952
"Cameroon","france",1,1922,1960,1922,1960
"Canada","france",1,1608,1763,1608,1763
"Cape Verde","france",0,NA,NA,NA,NA
"Central African Republic","france",1,1906,1960,1898,1960
"Chad","france",1,1910,1960,1899,1960
"Chile","france",0,NA,NA,NA,NA
"China","france",0,NA,NA,NA,NA
"Colombia","france",0,NA,NA,NA,NA
"Comoros","france",1,1914,1975,1878,1975
"Congo - Brazzaville","france",1,1882,1960,1881,1960
"Congo - Kinshasa","france",0,NA,NA,NA,NA
"Costa Rica","france",0,NA,NA,NA,NA
"Côte d’Ivoire","france",1,1889,1960,1869,1960
"Croatia","france",0,NA,NA,NA,NA
"Cuba","france",0,NA,NA,NA,NA
"Cyprus","france",0,NA,NA,NA,NA
"Czechia","france",0,NA,NA,NA,NA
"Denmark","france",0,NA,NA,NA,NA
"Djibouti","france",1,1884,1977,1869,1977
"Dominica","france",1,1632,1763,1632,1763
"Dominican Republic","france",0,NA,NA,NA,NA
"Ecuador","france",0,NA,NA,NA,NA
"Egypt","france",0,NA,NA,NA,NA
"El Salvador","france",0,NA,NA,NA,NA
"Equatorial Guinea","france",0,NA,NA,NA,NA
"Eritrea","france",0,NA,NA,NA,NA
"Estonia","france",0,NA,NA,NA,NA
"Eswatini","france",0,NA,NA,NA,NA
"Ethiopia","france",0,NA,NA,NA,NA
"Fiji","france",0,NA,NA,NA,NA
"Finland","france",0,NA,NA,NA,NA
"France","france",0,NA,NA,NA,NA
"Gabon","france",1,1886,1960,1855,1960
"Gambia","france",0,NA,NA,NA,NA
"Georgia","france",0,NA,NA,NA,NA
"Germany","france",0,NA,NA,NA,NA
"Ghana","france",0,NA,NA,NA,NA
"Greece","france",0,NA,NA,NA,NA
"Grenada","france",1,1650,1762,1650,1762
"Guatemala","france",0,NA,NA,NA,NA
"Guinea","france",1,1881,1958,1858,1958
"Guinea-Bissau","france",0,NA,NA,NA,NA
"Guyana","france",0,NA,NA,NA,NA
"Haiti","france",1,1665,1804,1665,1804
"Honduras","france",0,NA,NA,NA,NA
"Hungary","france",0,NA,NA,NA,NA
"Iceland","france",0,NA,NA,NA,NA
"India","france",0,NA,NA,NA,NA
"Indonesia","france",0,NA,NA,NA,NA
"Iran","france",0,NA,NA,NA,NA
"Iraq","france",0,NA,NA,NA,NA
"Ireland","france",0,NA,NA,NA,NA
"Israel","france",0,NA,NA,NA,NA
"Italy","france",0,NA,NA,NA,NA
"Jamaica","france",0,NA,NA,NA,NA
"Japan","france",0,NA,NA,NA,NA
"Jordan","france",0,NA,NA,NA,NA
"Kazakhstan","france",0,NA,NA,NA,NA
"Kenya","france",0,NA,NA,NA,NA
"Kiribati","france",0,NA,NA,NA,NA
"Kosovo","france",0,NA,NA,NA,NA
"Kuwait","france",0,NA,NA,NA,NA
"Kyrgyzstan","france",0,NA,NA,NA,NA
"Laos","france",1,1893,1954,1892,1952
"Latvia","france",0,NA,NA,NA,NA
"Lebanon","france",1,1923,1946,1921,1946
"Lesotho","france",0,NA,NA,NA,NA
"Liberia","france",0,NA,NA,NA,NA
"Libya","france",0,NA,NA,NA,NA
"Liechtenstein","france",0,NA,NA,NA,NA
"Lithuania","france",0,NA,NA,NA,NA
"Luxembourg","france",0,NA,NA,NA,NA
"Madagascar","france",1,1895,1960,1890,1960
"Malawi","france",0,NA,NA,NA,NA
"Malaysia","france",0,NA,NA,NA,NA
"Maldives","france",0,NA,NA,NA,NA
"Mali","france",1,1904,1960,1897,1960
"Malta","france",0,NA,NA,NA,NA
"Marshall Islands","france",0,NA,NA,NA,NA
"Mauritania","france",1,1903,1960,1882,1960
"Mauritius","france",1,1715,1810,1715,1810
"Mexico","france",0,NA,NA,NA,NA
"Micronesia (Federated States of)","france",0,NA,NA,NA,NA
"Moldova","france",0,NA,NA,NA,NA
"Monaco","france",0,NA,NA,NA,NA
"Mongolia","france",0,NA,NA,NA,NA
"Montenegro","france",0,NA,NA,NA,NA
"Morocco","france",1,1912,1956,1912,1956
"Mozambique","france",0,NA,NA,NA,NA
"Myanmar (Burma)","france",0,NA,NA,NA,NA
"Namibia","france",0,NA,NA,NA,NA
"Nauru","france",0,NA,NA,NA,NA
"Nepal","france",0,NA,NA,NA,NA
"Netherlands","france",0,NA,NA,NA,NA
"New Zealand","france",0,NA,NA,NA,NA
"Nicaragua","france",0,NA,NA,NA,NA
"Niger","france",1,1922,1960,1910,1960
"Nigeria","france",0,NA,NA,NA,NA
"North Korea","france",0,NA,NA,NA,NA
"North Macedonia","france",0,NA,NA,NA,NA
"Norway","france",0,NA,NA,NA,NA
"Oman","france",0,NA,NA,NA,NA
"Pakistan","france",0,NA,NA,NA,NA
"Palau","france",0,NA,NA,NA,NA
"Panama","france",0,NA,NA,NA,NA
"Papua New Guinea","france",0,NA,NA,NA,NA
"Paraguay","france",0,NA,NA,NA,NA
"Peru","france",0,NA,NA,NA,NA
"Philippines","france",0,NA,NA,NA,NA
"Poland","france",0,NA,NA,NA,NA
"Portugal","france",0,NA,NA,NA,NA
"Qatar","france",0,NA,NA,NA,NA
"Romania","france",0,NA,NA,NA,NA
"Russia","france",0,NA,NA,NA,NA
"Rwanda","france",0,NA,NA,NA,NA
"Samoa","france",0,NA,NA,NA,NA
"San Marino","france",0,NA,NA,NA,NA
"São Tomé & Príncipe","france",0,NA,NA,NA,NA
"Saudi Arabia","france",0,NA,NA,NA,NA
"Senegal","france",1,1854,1960,1770,1960
"Serbia","france",0,NA,NA,NA,NA
"Seychelles","france",1,1756,1794,1756,1794
"Sierra Leone","france",0,NA,NA,NA,NA
"Singapore","france",0,NA,NA,NA,NA
"Slovakia","france",0,NA,NA,NA,NA
"Slovenia","france",0,NA,NA,NA,NA
"Solomon Islands","france",0,NA,NA,NA,NA
"Somalia","france",0,NA,NA,NA,NA
"South Africa","france",0,NA,NA,NA,NA
"South Korea","france",0,NA,NA,NA,NA
"South Sudan","france",0,NA,NA,NA,NA
"Spain","france",0,NA,NA,NA,NA
"Sri Lanka","france",0,NA,NA,NA,NA
"St. Kitts & Nevis","france",0,NA,NA,NA,NA
"St. Lucia","france",1,1650,1814,1650,1814
"St. Vincent & Grenadines","france",0,NA,NA,NA,NA
"Sudan","france",0,NA,NA,NA,NA
"Suriname","france",0,NA,NA,NA,NA
"Sweden","france",0,NA,NA,NA,NA
"Switzerland","france",0,NA,NA,NA,NA
"Syria","france",1,1923,1946,1922,1944
"Taiwan","france",0,NA,NA,NA,NA
"Tajikistan","france",0,NA,NA,NA,NA
"Tanzania","france",0,NA,NA,NA,NA
"Thailand","france",0,NA,NA,NA,NA
"Timor-Leste","france",0,NA,NA,NA,NA
"Togo","france",1,1922,1960,1922,1960
"Tonga","france",0,NA,NA,NA,NA
"Trinidad & Tobago","france",0,NA,NA,NA,NA
"Tunisia","france",1,1881,1956,1877,1956
"Turkey","france",0,NA,NA,NA,NA
"Turkmenistan","france",0,NA,NA,NA,NA
"Tuvalu","france",0,NA,NA,NA,NA
"Uganda","france",0,NA,NA,NA,NA
"Ukraine","france",0,NA,NA,NA,NA
"United Arab Emirates","france",0,NA,NA,NA,NA
"United Kingdom","france",0,NA,NA,NA,NA
"United States","france",0,NA,NA,NA,NA
"Uruguay","france",0,NA,NA,NA,NA
"Uzbekistan","france",0,NA,NA,NA,NA
"Vanuatu","france",1,1887,1980,1887,1980
"Venezuela","france",0,NA,NA,NA,NA
"Vietnam","france",1,1887,1954,1869,1951
"Yemen","france",0,NA,NA,NA,NA
"Zambia","france",0,NA,NA,NA,NA
"Zimbabwe","france",0,NA,NA,NA,NA
"Afghanistan","germany",0,NA,NA,NA,NA
"Albania","germany",0,NA,NA,NA,NA
"Algeria","germany",0,NA,NA,NA,NA
"Andorra","germany",0,NA,NA,NA,NA
"Angola","germany",0,NA,NA,NA,NA
"Antigua & Barbuda","germany",0,NA,NA,NA,NA
"Argentina","germany",0,NA,NA,NA,NA
"Armenia","germany",0,NA,NA,NA,NA
"Australia","germany",0,NA,NA,NA,NA
"Austria","germany",0,NA,NA,NA,NA
"Azerbaijan","germany",0,NA,NA,NA,NA
"Bahamas","germany",0,NA,NA,NA,NA
"Bahrain","germany",0,NA,NA,NA,NA
"Bangladesh","germany",0,NA,NA,NA,NA
"Barbados","germany",0,NA,NA,NA,NA
"Belarus","germany",0,NA,NA,NA,NA
"Belgium","germany",0,NA,NA,NA,NA
"Belize","germany",0,NA,NA,NA,NA
"Benin","germany",0,NA,NA,NA,NA
"Bhutan","germany",0,NA,NA,NA,NA
"Bolivia","germany",0,NA,NA,NA,NA
"Bosnia & Herzegovina","germany",0,NA,NA,NA,NA
"Botswana","germany",0,NA,NA,NA,NA
"Brazil","germany",0,NA,NA,NA,NA
"Brunei","germany",0,NA,NA,NA,NA
"Bulgaria","germany",0,NA,NA,NA,NA
"Burkina Faso","germany",0,NA,NA,NA,NA
"Burundi","germany",1,1899,1922,1894,1922
"Cambodia","germany",0,NA,NA,NA,NA
"Cameroon","germany",1,1884,1916,1884,1915
"Canada","germany",0,NA,NA,NA,NA
"Cape Verde","germany",0,NA,NA,NA,NA
"Central African Republic","germany",0,NA,NA,NA,NA
"Chad","germany",0,NA,NA,NA,NA
"Chile","germany",0,NA,NA,NA,NA
"China","germany",0,NA,NA,NA,NA
"Colombia","germany",0,NA,NA,NA,NA
"Comoros","germany",0,NA,NA,NA,NA
"Congo - Brazzaville","germany",0,NA,NA,NA,NA
"Congo - Kinshasa","germany",0,NA,NA,NA,NA
"Costa Rica","germany",0,NA,NA,NA,NA
"Côte d’Ivoire","germany",0,NA,NA,NA,NA
"Croatia","germany",0,NA,NA,NA,NA
"Cuba","germany",0,NA,NA,NA,NA
"Cyprus","germany",0,NA,NA,NA,NA
"Czechia","germany",0,NA,NA,NA,NA
"Denmark","germany",0,NA,NA,NA,NA
"Djibouti","germany",0,NA,NA,NA,NA
"Dominica","germany",0,NA,NA,NA,NA
"Dominican Republic","germany",0,NA,NA,NA,NA
"Ecuador","germany",0,NA,NA,NA,NA
"Egypt","germany",0,NA,NA,NA,NA
"El Salvador","germany",0,NA,NA,NA,NA
"Equatorial Guinea","germany",0,NA,NA,NA,NA
"Eritrea","germany",0,NA,NA,NA,NA
"Estonia","germany",0,NA,NA,NA,NA
"Eswatini","germany",0,NA,NA,NA,NA
"Ethiopia","germany",0,NA,NA,NA,NA
"Fiji","germany",0,NA,NA,NA,NA
"Finland","germany",0,NA,NA,NA,NA
"France","germany",0,NA,NA,NA,NA
"Gabon","germany",0,NA,NA,NA,NA
"Gambia","germany",0,NA,NA,NA,NA
"Georgia","germany",0,NA,NA,NA,NA
"Germany","germany",0,NA,NA,NA,NA
"Ghana","germany",1,1884,1916,1884,1916
"Greece","germany",0,NA,NA,NA,NA
"Grenada","germany",0,NA,NA,NA,NA
"Guatemala","germany",0,NA,NA,NA,NA
"Guinea","germany",0,NA,NA,NA,NA
"Guinea-Bissau","germany",0,NA,NA,NA,NA
"Guyana","germany",0,NA,NA,NA,NA
"Haiti","germany",0,NA,NA,NA,NA
"Honduras","germany",0,NA,NA,NA,NA
"Hungary","germany",0,NA,NA,NA,NA
"Iceland","germany",0,NA,NA,NA,NA
"India","germany",0,NA,NA,NA,NA
"Indonesia","germany",0,NA,NA,NA,NA
"Iran","germany",0,NA,NA,NA,NA
"Iraq","germany",0,NA,NA,NA,NA
"Ireland","germany",0,NA,NA,NA,NA
"Israel","germany",0,NA,NA,NA,NA
"Italy","germany",0,NA,NA,NA,NA
"Jamaica","germany",0,NA,NA,NA,NA
"Japan","germany",0,NA,NA,NA,NA
"Jordan","germany",0,NA,NA,NA,NA
"Kazakhstan","germany",0,NA,NA,NA,NA
"Kenya","germany",0,NA,NA,NA,NA
"Kiribati","germany",0,NA,NA,NA,NA
"Kosovo","germany",0,NA,NA,NA,NA
"Kuwait","germany",0,NA,NA,NA,NA
"Kyrgyzstan","germany",0,NA,NA,NA,NA
"Laos","germany",0,NA,NA,NA,NA
"Latvia","germany",0,NA,NA,NA,NA
"Lebanon","germany",0,NA,NA,NA,NA
"Lesotho","germany",0,NA,NA,NA,NA
"Liberia","germany",0,NA,NA,NA,NA
"Libya","germany",0,NA,NA,NA,NA
"Liechtenstein","germany",0,NA,NA,NA,NA
"Lithuania","germany",0,NA,NA,NA,NA
"Luxembourg","germany",0,NA,NA,NA,NA
"Madagascar","germany",0,NA,NA,NA,NA
"Malawi","germany",0,NA,NA,NA,NA
"Malaysia","germany",0,NA,NA,NA,NA
"Maldives","germany",0,NA,NA,NA,NA
"Mali","germany",0,NA,NA,NA,NA
"Malta","germany",0,NA,NA,NA,NA
"Marshall Islands","germany",1,1885,1914,1885,1914
"Mauritania","germany",0,NA,NA,NA,NA
"Mauritius","germany",0,NA,NA,NA,NA
"Mexico","germany",0,NA,NA,NA,NA
"Micronesia (Federated States of)","germany",0,NA,NA,NA,NA
"Moldova","germany",0,NA,NA,NA,NA
"Monaco","germany",0,NA,NA,NA,NA
"Mongolia","germany",0,NA,NA,NA,NA
"Montenegro","germany",0,NA,NA,NA,NA
"Morocco","germany",0,NA,NA,NA,NA
"Mozambique","germany",0,NA,NA,NA,NA
"Myanmar (Burma)","germany",0,NA,NA,NA,NA
"Namibia","germany",1,1885,1915,1882,1914
"Nauru","germany",1,1888,1914,1888,1914
"Nepal","germany",0,NA,NA,NA,NA
"Netherlands","germany",0,NA,NA,NA,NA
"New Zealand","germany",0,NA,NA,NA,NA
"Nicaragua","germany",0,NA,NA,NA,NA
"Niger","germany",0,NA,NA,NA,NA
"Nigeria","germany",0,NA,NA,NA,NA
"North Korea","germany",0,NA,NA,NA,NA
"North Macedonia","germany",0,NA,NA,NA,NA
"Norway","germany",0,NA,NA,NA,NA
"Oman","germany",0,NA,NA,NA,NA
"Pakistan","germany",0,NA,NA,NA,NA
"Palau","germany",1,1885,1914,1885,1914
"Panama","germany",0,NA,NA,NA,NA
"Papua New Guinea","germany",0,NA,NA,NA,NA
"Paraguay","germany",0,NA,NA,NA,NA
"Peru","germany",0,NA,NA,NA,NA
"Philippines","germany",0,NA,NA,NA,NA
"Poland","germany",0,NA,NA,NA,NA
"Portugal","germany",0,NA,NA,NA,NA
"Qatar","germany",0,NA,NA,NA,NA
"Romania","germany",0,NA,NA,NA,NA
"Russia","germany",0,NA,NA,NA,NA
"Rwanda","germany",1,1899,1915,1894,1915
"Samoa","germany",1,1900,1914,1900,1914
"San Marino","germany",0,NA,NA,NA,NA
"São Tomé & Príncipe","germany",0,NA,NA,NA,NA
"Saudi Arabia","germany",0,NA,NA,NA,NA
"Senegal","germany",0,NA,NA,NA,NA
"Serbia","germany",0,NA,NA,NA,NA
"Seychelles","germany",0,NA,NA,NA,NA
"Sierra Leone","germany",0,NA,NA,NA,NA
"Singapore","germany",0,NA,NA,NA,NA
"Slovakia","germany",0,NA,NA,NA,NA
"Slovenia","germany",0,NA,NA,NA,NA
"Solomon Islands","germany",1,1885,1918,1885,1918
"Somalia","germany",0,NA,NA,NA,NA
"South Africa","germany",0,NA,NA,NA,NA
"South Korea","germany",0,NA,NA,NA,NA
"South Sudan","germany",0,NA,NA,NA,NA
"Spain","germany",0,NA,NA,NA,NA
"Sri Lanka","germany",0,NA,NA,NA,NA
"St. Kitts & Nevis","germany",0,NA,NA,NA,NA
"St. Lucia","germany",0,NA,NA,NA,NA
"St. Vincent & Grenadines","germany",0,NA,NA,NA,NA
"Sudan","germany",0,NA,NA,NA,NA
"Suriname","germany",0,NA,NA,NA,NA
"Sweden","germany",0,NA,NA,NA,NA
"Switzerland","germany",0,NA,NA,NA,NA
"Syria","germany",0,NA,NA,NA,NA
"Taiwan","germany",0,NA,NA,NA,NA
"Tajikistan","germany",0,NA,NA,NA,NA
"Tanzania","germany",1,1891,1917,1888,1916
"Thailand","germany",0,NA,NA,NA,NA
"Timor-Leste","germany",0,NA,NA,NA,NA
"Togo","germany",1,1885,1916,1884,1914
"Tonga","germany",0,NA,NA,NA,NA
"Trinidad & Tobago","germany",0,NA,NA,NA,NA
"Tunisia","germany",0,NA,NA,NA,NA
"Turkey","germany",0,NA,NA,NA,NA
"Turkmenistan","germany",0,NA,NA,NA,NA
"Tuvalu","germany",0,NA,NA,NA,NA
"Uganda","germany",0,NA,NA,NA,NA
"Ukraine","germany",0,NA,NA,NA,NA
"United Arab Emirates","germany",0,NA,NA,NA,NA
"United Kingdom","germany",0,NA,NA,NA,NA
"United States","germany",0,NA,NA,NA,NA
"Uruguay","germany",0,NA,NA,NA,NA
"Uzbekistan","germany",0,NA,NA,NA,NA
"Vanuatu","germany",0,NA,NA,NA,NA
"Venezuela","germany",0,NA,NA,NA,NA
"Vietnam","germany",0,NA,NA,NA,NA
"Yemen","germany",0,NA,NA,NA,NA
"Zambia","germany",0,NA,NA,NA,NA
"Zimbabwe","germany",0,NA,NA,NA,NA
"Afghanistan","netherlands",0,NA,NA,NA,NA
"Albania","netherlands",0,NA,NA,NA,NA
"Algeria","netherlands",0,NA,NA,NA,NA
"Andorra","netherlands",0,NA,NA,NA,NA
"Angola","netherlands",0,NA,NA,NA,NA
"Antigua & Barbuda","netherlands",0,NA,NA,NA,NA
"Argentina","netherlands",0,NA,NA,NA,NA
"Armenia","netherlands",0,NA,NA,NA,NA
"Australia","netherlands",0,NA,NA,NA,NA
"Austria","netherlands",0,NA,NA,NA,NA
"Azerbaijan","netherlands",0,NA,NA,NA,NA
"Bahamas","netherlands",0,NA,NA,NA,NA
"Bahrain","netherlands",0,NA,NA,NA,NA
"Bangladesh","netherlands",0,NA,NA,NA,NA
"Barbados","netherlands",0,NA,NA,NA,NA
"Belarus","netherlands",0,NA,NA,NA,NA
"Belgium","netherlands",0,NA,NA,NA,NA
"Belize","netherlands",0,NA,NA,NA,NA
"Benin","netherlands",0,NA,NA,NA,NA
"Bhutan","netherlands",0,NA,NA,NA,NA
"Bolivia","netherlands",0,NA,NA,NA,NA
"Bosnia & Herzegovina","netherlands",0,NA,NA,NA,NA
"Botswana","netherlands",0,NA,NA,NA,NA
"Brazil","netherlands",0,NA,NA,NA,NA
"Brunei","netherlands",0,NA,NA,NA,NA
"Bulgaria","netherlands",0,NA,NA,NA,NA
"Burkina Faso","netherlands",0,NA,NA,NA,NA
"Burundi","netherlands",0,NA,NA,NA,NA
"Cambodia","netherlands",0,NA,NA,NA,NA
"Cameroon","netherlands",0,NA,NA,NA,NA
"Canada","netherlands",0,NA,NA,NA,NA
"Cape Verde","netherlands",0,NA,NA,NA,NA
"Central African Republic","netherlands",0,NA,NA,NA,NA
"Chad","netherlands",0,NA,NA,NA,NA
"Chile","netherlands",0,NA,NA,NA,NA
"China","netherlands",0,NA,NA,NA,NA
"Colombia","netherlands",0,NA,NA,NA,NA
"Comoros","netherlands",0,NA,NA,NA,NA
"Congo - Brazzaville","netherlands",0,NA,NA,NA,NA
"Congo - Kinshasa","netherlands",0,NA,NA,NA,NA
"Costa Rica","netherlands",0,NA,NA,NA,NA
"Côte d’Ivoire","netherlands",0,NA,NA,NA,NA
"Croatia","netherlands",0,NA,NA,NA,NA
"Cuba","netherlands",0,NA,NA,NA,NA
"Cyprus","netherlands",0,NA,NA,NA,NA
"Czechia","netherlands",0,NA,NA,NA,NA
"Denmark","netherlands",0,NA,NA,NA,NA
"Djibouti","netherlands",0,NA,NA,NA,NA
"Dominica","netherlands",0,NA,NA,NA,NA
"Dominican Republic","netherlands",0,NA,NA,NA,NA
"Ecuador","netherlands",0,NA,NA,NA,NA
"Egypt","netherlands",0,NA,NA,NA,NA
"El Salvador","netherlands",0,NA,NA,NA,NA
"Equatorial Guinea","netherlands",0,NA,NA,NA,NA
"Eritrea","netherlands",0,NA,NA,NA,NA
"Estonia","netherlands",0,NA,NA,NA,NA
"Eswatini","netherlands",0,NA,NA,NA,NA
"Ethiopia","netherlands",0,NA,NA,NA,NA
"Fiji","netherlands",0,NA,NA,NA,NA
"Finland","netherlands",0,NA,NA,NA,NA
"France","netherlands",0,NA,NA,NA,NA
"Gabon","netherlands",0,NA,NA,NA,NA
"Gambia","netherlands",0,NA,NA,NA,NA
"Georgia","netherlands",0,NA,NA,NA,NA
"Germany","netherlands",0,NA,NA,NA,NA
"Ghana","netherlands",0,NA,NA,NA,NA
"Greece","netherlands",0,NA,NA,NA,NA
"Grenada","netherlands",0,NA,NA,NA,NA
"Guatemala","netherlands",0,NA,NA,NA,NA
"Guinea","netherlands",0,NA,NA,NA,NA
"Guinea-Bissau","netherlands",0,NA,NA,NA,NA
"Guyana","netherlands",1,1580,1815,1580,1815
"Haiti","netherlands",0,NA,NA,NA,NA
"Honduras","netherlands",0,NA,NA,NA,NA
"Hungary","netherlands",0,NA,NA,NA,NA
"Iceland","netherlands",0,NA,NA,NA,NA
"India","netherlands",0,NA,NA,NA,NA
"Indonesia","netherlands",1,1623,1962,1621,1952
"Iran","netherlands",0,NA,NA,NA,NA
"Iraq","netherlands",0,NA,NA,NA,NA
"Ireland","netherlands",0,NA,NA,NA,NA
"Israel","netherlands",0,NA,NA,NA,NA
"Italy","netherlands",0,NA,NA,NA,NA
"Jamaica","netherlands",0,NA,NA,NA,NA
"Japan","netherlands",0,NA,NA,NA,NA
"Jordan","netherlands",0,NA,NA,NA,NA
"Kazakhstan","netherlands",0,NA,NA,NA,NA
"Kenya","netherlands",0,NA,NA,NA,NA
"Kiribati","netherlands",0,NA,NA,NA,NA
"Kosovo","netherlands",0,NA,NA,NA,NA
"Kuwait","netherlands",0,NA,NA,NA,NA
"Kyrgyzstan","netherlands",0,NA,NA,NA,NA
"Laos","netherlands",0,NA,NA,NA,NA
"Latvia","netherlands",0,NA,NA,NA,NA
"Lebanon","netherlands",0,NA,NA,NA,NA
"Lesotho","netherlands",0,NA,NA,NA,NA
"Liberia","netherlands",0,NA,NA,NA,NA
"Libya","netherlands",0,NA,NA,NA,NA
"Liechtenstein","netherlands",0,NA,NA,NA,NA
"Lithuania","netherlands",0,NA,NA,NA,NA
"Luxembourg","netherlands",0,NA,NA,NA,NA
"Madagascar","netherlands",0,NA,NA,NA,NA
"Malawi","netherlands",0,NA,NA,NA,NA
"Malaysia","netherlands",0,NA,NA,NA,NA
"Maldives","netherlands",0,NA,NA,NA,NA
"Mali","netherlands",0,NA,NA,NA,NA
"Malta","netherlands",0,NA,NA,NA,NA
"Marshall Islands","netherlands",0,NA,NA,NA,NA
"Mauritania","netherlands",0,NA,NA,NA,NA
"Mauritius","netherlands",0,NA,NA,NA,NA
"Mexico","netherlands",0,NA,NA,NA,NA
"Micronesia (Federated States of)","netherlands",0,NA,NA,NA,NA
"Moldova","netherlands",0,NA,NA,NA,NA
"Monaco","netherlands",0,NA,NA,NA,NA
"Mongolia","netherlands",0,NA,NA,NA,NA
"Montenegro","netherlands",0,NA,NA,NA,NA
"Morocco","netherlands",0,NA,NA,NA,NA
"Mozambique","netherlands",0,NA,NA,NA,NA
"Myanmar (Burma)","netherlands",0,NA,NA,NA,NA
"Namibia","netherlands",0,NA,NA,NA,NA
"Nauru","netherlands",0,NA,NA,NA,NA
"Nepal","netherlands",0,NA,NA,NA,NA
"Netherlands","netherlands",0,NA,NA,NA,NA
"New Zealand","netherlands",0,NA,NA,NA,NA
"Nicaragua","netherlands",0,NA,NA,NA,NA
"Niger","netherlands",0,NA,NA,NA,NA
"Nigeria","netherlands",0,NA,NA,NA,NA
"North Korea","netherlands",0,NA,NA,NA,NA
"North Macedonia","netherlands",0,NA,NA,NA,NA
"Norway","netherlands",0,NA,NA,NA,NA
"Oman","netherlands",0,NA,NA,NA,NA
"Pakistan","netherlands",0,NA,NA,NA,NA
"Palau","netherlands",0,NA,NA,NA,NA
"Panama","netherlands",0,NA,NA,NA,NA
"Papua New Guinea","netherlands",0,NA,NA,NA,NA
"Paraguay","netherlands",0,NA,NA,NA,NA
"Peru","netherlands",0,NA,NA,NA,NA
"Philippines","netherlands",0,NA,NA,NA,NA
"Poland","netherlands",0,NA,NA,NA,NA
"Portugal","netherlands",0,NA,NA,NA,NA
"Qatar","netherlands",0,NA,NA,NA,NA
"Romania","netherlands",0,NA,NA,NA,NA
"Russia","netherlands",0,NA,NA,NA,NA
"Rwanda","netherlands",0,NA,NA,NA,NA
"Samoa","netherlands",0,NA,NA,NA,NA
"San Marino","netherlands",0,NA,NA,NA,NA
"São Tomé & Príncipe","netherlands",0,NA,NA,NA,NA
"Saudi Arabia","netherlands",0,NA,NA,NA,NA
"Senegal","netherlands",0,NA,NA,NA,NA
"Serbia","netherlands",0,NA,NA,NA,NA
"Seychelles","netherlands",0,NA,NA,NA,NA
"Sierra Leone","netherlands",0,NA,NA,NA,NA
"Singapore","netherlands",0,NA,NA,NA,NA
"Slovakia","netherlands",0,NA,NA,NA,NA
"Slovenia","netherlands",0,NA,NA,NA,NA
"Solomon Islands","netherlands",0,NA,NA,NA,NA
"Somalia","netherlands",0,NA,NA,NA,NA
"South Africa","netherlands",1,1652,1806,1652,1806
"South Korea","netherlands",0,NA,NA,NA,NA
"South Sudan","netherlands",0,NA,NA,NA,NA
"Spain","netherlands",0,NA,NA,NA,NA
"Sri Lanka","netherlands",0,NA,NA,NA,NA
"St. Kitts & Nevis","netherlands",0,NA,NA,NA,NA
"St. Lucia","netherlands",0,NA,NA,NA,NA
"St. Vincent & Grenadines","netherlands",0,NA,NA,NA,NA
"Sudan","netherlands",0,NA,NA,NA,NA
"Suriname","netherlands",1,1667,1974,1642,1964
"Sweden","netherlands",0,NA,NA,NA,NA
"Switzerland","netherlands",0,NA,NA,NA,NA
"Syria","netherlands",0,NA,NA,NA,NA
"Taiwan","netherlands",0,NA,NA,NA,NA
"Tajikistan","netherlands",0,NA,NA,NA,NA
"Tanzania","netherlands",0,NA,NA,NA,NA
"Thailand","netherlands",0,NA,NA,NA,NA
"Timor-Leste","netherlands",0,NA,NA,NA,NA
"Togo","netherlands",0,NA,NA,NA,NA
"Tonga","netherlands",0,NA,NA,NA,NA
"Trinidad & Tobago","netherlands",0,NA,NA,NA,NA
"Tunisia","netherlands",0,NA,NA,NA,NA
"Turkey","netherlands",0,NA,NA,NA,NA
"Turkmenistan","netherlands",0,NA,NA,NA,NA
"Tuvalu","netherlands",0,NA,NA,NA,NA
"Uganda","netherlands",0,NA,NA,NA,NA
"Ukraine","netherlands",0,NA,NA,NA,NA
"United Arab Emirates","netherlands",0,NA,NA,NA,NA
"United Kingdom","netherlands",0,NA,NA,NA,NA
"United States","netherlands",0,NA,NA,NA,NA
"Uruguay","netherlands",0,NA,NA,NA,NA
"Uzbekistan","netherlands",0,NA,NA,NA,NA
"Vanuatu","netherlands",0,NA,NA,NA,NA
"Venezuela","netherlands",0,NA,NA,NA,NA
"Vietnam","netherlands",0,NA,NA,NA,NA
"Yemen","netherlands",0,NA,NA,NA,NA
"Zambia","netherlands",0,NA,NA,NA,NA
"Zimbabwe","netherlands",0,NA,NA,NA,NA
"Afghanistan","portugal",0,NA,NA,NA,NA
"Albania","portugal",0,NA,NA,NA,NA
"Algeria","portugal",0,NA,NA,NA,NA
"Andorra","portugal",0,NA,NA,NA,NA
"Angola","portugal",1,1576,1975,1576,1974
"Antigua & Barbuda","portugal",0,NA,NA,NA,NA
"Argentina","portugal",0,NA,NA,NA,NA
"Armenia","portugal",0,NA,NA,NA,NA
"Australia","portugal",0,NA,NA,NA,NA
"Austria","portugal",0,NA,NA,NA,NA
"Azerbaijan","portugal",0,NA,NA,NA,NA
"Bahamas","portugal",0,NA,NA,NA,NA
"Bahrain","portugal",0,NA,NA,NA,NA
"Bangladesh","portugal",0,NA,NA,NA,NA
"Barbados","portugal",0,NA,NA,NA,NA
"Belarus","portugal",0,NA,NA,NA,NA
"Belgium","portugal",0,NA,NA,NA,NA
"Belize","portugal",0,NA,NA,NA,NA
"Benin","portugal",0,NA,NA,NA,NA
"Bhutan","portugal",0,NA,NA,NA,NA
"Bolivia","portugal",0,NA,NA,NA,NA
"Bosnia & Herzegovina","portugal",0,NA,NA,NA,NA
"Botswana","portugal",0,NA,NA,NA,NA
"Brazil","portugal",1,1533,1822,1533,1822
"Brunei","portugal",0,NA,NA,NA,NA
"Bulgaria","portugal",0,NA,NA,NA,NA
"Burkina Faso","portugal",0,NA,NA,NA,NA
"Burundi","portugal",0,NA,NA,NA,NA
"Cambodia","portugal",0,NA,NA,NA,NA
"Cameroon","portugal",0,NA,NA,NA,NA
"Canada","portugal",0,NA,NA,NA,NA
"Cape Verde","portugal",1,1462,1975,1462,1975
"Central African Republic","portugal",0,NA,NA,NA,NA
"Chad","portugal",0,NA,NA,NA,NA
"Chile","portugal",0,NA,NA,NA,NA
"China","portugal",0,NA,NA,NA,NA
"Colombia","portugal",0,NA,NA,NA,NA
"Comoros","portugal",0,NA,NA,NA,NA
"Congo - Brazzaville","portugal",0,NA,NA,NA,NA
"Congo - Kinshasa","portugal",0,NA,NA,NA,NA
"Costa Rica","portugal",0,NA,NA,NA,NA
"Côte d’Ivoire","portugal",0,NA,NA,NA,NA
"Croatia","portugal",0,NA,NA,NA,NA
"Cuba","portugal",0,NA,NA,NA,NA
"Cyprus","portugal",0,NA,NA,NA,NA
"Czechia","portugal",0,NA,NA,NA,NA
"Denmark","portugal",0,NA,NA,NA,NA
"Djibouti","portugal",0,NA,NA,NA,NA
"Dominica","portugal",0,NA,NA,NA,NA
"Dominican Republic","portugal",0,NA,NA,NA,NA
"Ecuador","portugal",0,NA,NA,NA,NA
"Egypt","portugal",0,NA,NA,NA,NA
"El Salvador","portugal",0,NA,NA,NA,NA
"Equatorial Guinea","portugal",1,1778,1778,1778,1778
"Eritrea","portugal",0,NA,NA,NA,NA
"Estonia","portugal",0,NA,NA,NA,NA
"Eswatini","portugal",0,NA,NA,NA,NA
"Ethiopia","portugal",0,NA,NA,NA,NA
"Fiji","portugal",0,NA,NA,NA,NA
"Finland","portugal",0,NA,NA,NA,NA
"France","portugal",0,NA,NA,NA,NA
"Gabon","portugal",0,NA,NA,NA,NA
"Gambia","portugal",0,NA,NA,NA,NA
"Georgia","portugal",0,NA,NA,NA,NA
"Germany","portugal",0,NA,NA,NA,NA
"Ghana","portugal",1,1482,1823,1476,1823
"Greece","portugal",0,NA,NA,NA,NA
"Grenada","portugal",0,NA,NA,NA,NA
"Guatemala","portugal",0,NA,NA,NA,NA
"Guinea","portugal",0,NA,NA,NA,NA
"Guinea-Bissau","portugal",1,1879,1974,1879,1973
"Guyana","portugal",0,NA,NA,NA,NA
"Haiti","portugal",0,NA,NA,NA,NA
"Honduras","portugal",0,NA,NA,NA,NA
"Hungary","portugal",0,NA,NA,NA,NA
"Iceland","portugal",0,NA,NA,NA,NA
"India","portugal",0,NA,NA,NA,NA
"Indonesia","portugal",0,NA,NA,NA,NA
"Iran","portugal",0,NA,NA,NA,NA
"Iraq","portugal",0,NA,NA,NA,NA
"Ireland","portugal",0,NA,NA,NA,NA
"Israel","portugal",0,NA,NA,NA,NA
"Italy","portugal",0,NA,NA,NA,NA
"Jamaica","portugal",0,NA,NA,NA,NA
"Japan","portugal",0,NA,NA,NA,NA
"Jordan","portugal",0,NA,NA,NA,NA
"Kazakhstan","portugal",0,NA,NA,NA,NA
"Kenya","portugal",0,NA,NA,NA,NA
"Kiribati","portugal",0,NA,NA,NA,NA
"Kosovo","portugal",0,NA,NA,NA,NA
"Kuwait","portugal",0,NA,NA,NA,NA
"Kyrgyzstan","portugal",0,NA,NA,NA,NA
"Laos","portugal",0,NA,NA,NA,NA
"Latvia","portugal",0,NA,NA,NA,NA
"Lebanon","portugal",0,NA,NA,NA,NA
"Lesotho","portugal",0,NA,NA,NA,NA
"Liberia","portugal",0,NA,NA,NA,NA
"Libya","portugal",0,NA,NA,NA,NA
"Liechtenstein","portugal",0,NA,NA,NA,NA
"Lithuania","portugal",0,NA,NA,NA,NA
"Luxembourg","portugal",0,NA,NA,NA,NA
"Madagascar","portugal",0,NA,NA,NA,NA
"Malawi","portugal",0,NA,NA,NA,NA
"Malaysia","portugal",1,1511,1641,1511,1641
"Maldives","portugal",0,NA,NA,NA,NA
"Mali","portugal",0,NA,NA,NA,NA
"Malta","portugal",0,NA,NA,NA,NA
"Marshall Islands","portugal",0,NA,NA,NA,NA
"Mauritania","portugal",0,NA,NA,NA,NA
"Mauritius","portugal",0,NA,NA,NA,NA
"Mexico","portugal",0,NA,NA,NA,NA
"Micronesia (Federated States of)","portugal",0,NA,NA,NA,NA
"Moldova","portugal",0,NA,NA,NA,NA
"Monaco","portugal",0,NA,NA,NA,NA
"Mongolia","portugal",0,NA,NA,NA,NA
"Montenegro","portugal",0,NA,NA,NA,NA
"Morocco","portugal",0,NA,NA,NA,NA
"Mozambique","portugal",1,1885,1975,1695,1974
"Myanmar (Burma)","portugal",0,NA,NA,NA,NA
"Namibia","portugal",0,NA,NA,NA,NA
"Nauru","portugal",0,NA,NA,NA,NA
"Nepal","portugal",0,NA,NA,NA,NA
"Netherlands","portugal",0,NA,NA,NA,NA
"New Zealand","portugal",0,NA,NA,NA,NA
"Nicaragua","portugal",0,NA,NA,NA,NA
"Niger","portugal",0,NA,NA,NA,NA
"Nigeria","portugal",0,NA,NA,NA,NA
"North Korea","portugal",0,NA,NA,NA,NA
"North Macedonia","portugal",0,NA,NA,NA,NA
"Norway","portugal",0,NA,NA,NA,NA
"Oman","portugal",0,NA,NA,NA,NA
"Pakistan","portugal",0,NA,NA,NA,NA
"Palau","portugal",0,NA,NA,NA,NA
"Panama","portugal",0,NA,NA,NA,NA
"Papua New Guinea","portugal",0,NA,NA,NA,NA
"Paraguay","portugal",0,NA,NA,NA,NA
"Peru","portugal",0,NA,NA,NA,NA
"Philippines","portugal",0,NA,NA,NA,NA
"Poland","portugal",0,NA,NA,NA,NA
"Portugal","portugal",0,NA,NA,NA,NA
"Qatar","portugal",0,NA,NA,NA,NA
"Romania","portugal",0,NA,NA,NA,NA
"Russia","portugal",0,NA,NA,NA,NA
"Rwanda","portugal",0,NA,NA,NA,NA
"Samoa","portugal",0,NA,NA,NA,NA
"San Marino","portugal",0,NA,NA,NA,NA
"São Tomé & Príncipe","portugal",1,1522,1975,1522,1975
"Saudi Arabia","portugal",0,NA,NA,NA,NA
"Senegal","portugal",0,NA,NA,NA,NA
"Serbia","portugal",0,NA,NA,NA,NA
"Seychelles","portugal",0,NA,NA,NA,NA
"Sierra Leone","portugal",0,NA,NA,NA,NA
"Singapore","portugal",0,NA,NA,NA,NA
"Slovakia","portugal",0,NA,NA,NA,NA
"Slovenia","portugal",0,NA,NA,NA,NA
"Solomon Islands","portugal",0,NA,NA,NA,NA
"Somalia","portugal",0,NA,NA,NA,NA
"South Africa","portugal",0,NA,NA,NA,NA
"South Korea","portugal",0,NA,NA,NA,NA
"South Sudan","portugal",0,NA,NA,NA,NA
"Spain","portugal",0,NA,NA,NA,NA
"Sri Lanka","portugal",1,1619,1656,1619,1656
"St. Kitts & Nevis","portugal",0,NA,NA,NA,NA
"St. Lucia","portugal",0,NA,NA,NA,NA
"St. Vincent & Grenadines","portugal",0,NA,NA,NA,NA
"Sudan","portugal",0,NA,NA,NA,NA
"Suriname","portugal",0,NA,NA,NA,NA
"Sweden","portugal",0,NA,NA,NA,NA
"Switzerland","portugal",0,NA,NA,NA,NA
"Syria","portugal",0,NA,NA,NA,NA
"Taiwan","portugal",0,NA,NA,NA,NA
"Tajikistan","portugal",0,NA,NA,NA,NA
"Tanzania","portugal",0,NA,NA,NA,NA
"Thailand","portugal",0,NA,NA,NA,NA
"Timor-Leste","portugal",1,1642,1975,1642,1975
"Togo","portugal",0,NA,NA,NA,NA
"Tonga","portugal",0,NA,NA,NA,NA
"Trinidad & Tobago","portugal",0,NA,NA,NA,NA
"Tunisia","portugal",0,NA,NA,NA,NA
"Turkey","portugal",0,NA,NA,NA,NA
"Turkmenistan","portugal",0,NA,NA,NA,NA
"Tuvalu","portugal",0,NA,NA,NA,NA
"Uganda","portugal",0,NA,NA,NA,NA
"Ukraine","portugal",0,NA,NA,NA,NA
"United Arab Emirates","portugal",0,NA,NA,NA,NA
"United Kingdom","portugal",0,NA,NA,NA,NA
"United States","portugal",0,NA,NA,NA,NA
"Uruguay","portugal",1,1680,1822,1680,1822
"Uzbekistan","portugal",0,NA,NA,NA,NA
"Vanuatu","portugal",0,NA,NA,NA,NA
"Venezuela","portugal",0,NA,NA,NA,NA
"Vietnam","portugal",0,NA,NA,NA,NA
"Yemen","portugal",0,NA,NA,NA,NA
"Zambia","portugal",0,NA,NA,NA,NA
"Zimbabwe","portugal",0,NA,NA,NA,NA
"Afghanistan","spain",0,NA,NA,NA,NA
"Albania","spain",0,NA,NA,NA,NA
"Algeria","spain",0,NA,NA,NA,NA
"Andorra","spain",0,NA,NA,NA,NA
"Angola","spain",0,NA,NA,NA,NA
"Antigua & Barbuda","spain",0,NA,NA,NA,NA
"Argentina","spain",1,1580,1819,1565,1818
"Armenia","spain",0,NA,NA,NA,NA
"Australia","spain",0,NA,NA,NA,NA
"Austria","spain",0,NA,NA,NA,NA
"Azerbaijan","spain",0,NA,NA,NA,NA
"Bahamas","spain",0,NA,NA,NA,NA
"Bahrain","spain",0,NA,NA,NA,NA
"Bangladesh","spain",0,NA,NA,NA,NA
"Barbados","spain",0,NA,NA,NA,NA
"Belarus","spain",0,NA,NA,NA,NA
"Belgium","spain",0,NA,NA,NA,NA
"Belize","spain",1,1524,1862,1524,1862
"Benin","spain",0,NA,NA,NA,NA
"Bhutan","spain",0,NA,NA,NA,NA
"Bolivia","spain",1,1559,1825,1545,1825
"Bosnia & Herzegovina","spain",0,NA,NA,NA,NA
"Botswana","spain",0,NA,NA,NA,NA
"Brazil","spain",0,NA,NA,NA,NA
"Brunei","spain",0,NA,NA,NA,NA
"Bulgaria","spain",0,NA,NA,NA,NA
"Burkina Faso","spain",0,NA,NA,NA,NA
"Burundi","spain",0,NA,NA,NA,NA
"Cambodia","spain",0,NA,NA,NA,NA
"Cameroon","spain",0,NA,NA,NA,NA
"Canada","spain",0,NA,NA,NA,NA
"Cape Verde","spain",0,NA,NA,NA,NA
"Central African Republic","spain",0,NA,NA,NA,NA
"Chad","spain",0,NA,NA,NA,NA
"Chile","spain",1,1541,1818,1541,1817
"China","spain",0,NA,NA,NA,NA
"Colombia","spain",1,1525,1820,1518,1819
"Comoros","spain",0,NA,NA,NA,NA
"Congo - Brazzaville","spain",0,NA,NA,NA,NA
"Congo - Kinshasa","spain",0,NA,NA,NA,NA
"Costa Rica","spain",1,1524,1821,1516,1821
"Côte d’Ivoire","spain",0,NA,NA,NA,NA
"Croatia","spain",0,NA,NA,NA,NA
"Cuba","spain",1,1511,1899,1511,1898
"Cyprus","spain",0,NA,NA,NA,NA
"Czechia","spain",0,NA,NA,NA,NA
"Denmark","spain",0,NA,NA,NA,NA
"Djibouti","spain",0,NA,NA,NA,NA
"Dominica","spain",0,NA,NA,NA,NA
"Dominican Republic","spain",1,1495,1865,1493,1839
"Ecuador","spain",1,1535,1829,1534,1823
"Egypt","spain",0,NA,NA,NA,NA
"El Salvador","spain",1,1528,1821,1525,1821
"Equatorial Guinea","spain",1,1858,1968,1858,1968
"Eritrea","spain",0,NA,NA,NA,NA
"Estonia","spain",0,NA,NA,NA,NA
"Eswatini","spain",0,NA,NA,NA,NA
"Ethiopia","spain",0,NA,NA,NA,NA
"Fiji","spain",0,NA,NA,NA,NA
"Finland","spain",0,NA,NA,NA,NA
"France","spain",0,NA,NA,NA,NA
"Gabon","spain",0,NA,NA,NA,NA
"Gambia","spain",0,NA,NA,NA,NA
"Georgia","spain",0,NA,NA,NA,NA
"Germany","spain",0,NA,NA,NA,NA
"Ghana","spain",0,NA,NA,NA,NA
"Greece","spain",0,NA,NA,NA,NA
"Grenada","spain",0,NA,NA,NA,NA
"Guatemala","spain",1,1524,1821,1524,1821
"Guinea","spain",0,NA,NA,NA,NA
"Guinea-Bissau","spain",0,NA,NA,NA,NA
"Guyana","spain",0,NA,NA,NA,NA
"Haiti","spain",0,NA,NA,NA,NA
"Honduras","spain",1,1524,1821,1524,1821
"Hungary","spain",0,NA,NA,NA,NA
"Iceland","spain",0,NA,NA,NA,NA
"India","spain",0,NA,NA,NA,NA
"Indonesia","spain",0,NA,NA,NA,NA
"Iran","spain",0,NA,NA,NA,NA
"Iraq","spain",0,NA,NA,NA,NA
"Ireland","spain",0,NA,NA,NA,NA
"Israel","spain",0,NA,NA,NA,NA
"Italy","spain",0,NA,NA,NA,NA
"Jamaica","spain",1,1509,1655,1509,1655
"Japan","spain",0,NA,NA,NA,NA
"Jordan","spain",0,NA,NA,NA,NA
"Kazakhstan","spain",0,NA,NA,NA,NA
"Kenya","spain",0,NA,NA,NA,NA
"Kiribati","spain",0,NA,NA,NA,NA
"Kosovo","spain",0,NA,NA,NA,NA
"Kuwait","spain",0,NA,NA,NA,NA
"Kyrgyzstan","spain",0,NA,NA,NA,NA
"Laos","spain",0,NA,NA,NA,NA
"Latvia","spain",0,NA,NA,NA,NA
"Lebanon","spain",0,NA,NA,NA,NA
"Lesotho","spain",0,NA,NA,NA,NA
"Liberia","spain",0,NA,NA,NA,NA
"Libya","spain",0,NA,NA,NA,NA
"Liechtenstein","spain",0,NA,NA,NA,NA
"Lithuania","spain",0,NA,NA,NA,NA
"Luxembourg","spain",0,NA,NA,NA,NA
"Madagascar","spain",0,NA,NA,NA,NA
"Malawi","spain",0,NA,NA,NA,NA
"Malaysia","spain",0,NA,NA,NA,NA
"Maldives","spain",0,NA,NA,NA,NA
"Mali","spain",0,NA,NA,NA,NA
"Malta","spain",0,NA,NA,NA,NA
"Marshall Islands","spain",0,NA,NA,NA,NA
"Mauritania","spain",0,NA,NA,NA,NA
"Mauritius","spain",0,NA,NA,NA,NA
"Mexico","spain",1,1521,1821,1520,1821
"Micronesia (Federated States of)","spain",1,1650,1899,1650,1899
"Moldova","spain",0,NA,NA,NA,NA
"Monaco","spain",0,NA,NA,NA,NA
"Mongolia","spain",0,NA,NA,NA,NA
"Montenegro","spain",0,NA,NA,NA,NA
"Morocco","spain",1,1884,1975,1884,1975
"Mozambique","spain",0,NA,NA,NA,NA
"Myanmar (Burma)","spain",0,NA,NA,NA,NA
"Namibia","spain",0,NA,NA,NA,NA
"Nauru","spain",0,NA,NA,NA,NA
"Nepal","spain",0,NA,NA,NA,NA
"Netherlands","spain",0,NA,NA,NA,NA
"New Zealand","spain",0,NA,NA,NA,NA
"Nicaragua","spain",1,1524,1821,1523,1821
"Niger","spain",0,NA,NA,NA,NA
"Nigeria","spain",0,NA,NA,NA,NA
"North Korea","spain",0,NA,NA,NA,NA
"North Macedonia","spain",0,NA,NA,NA,NA
"Norway","spain",0,NA,NA,NA,NA
"Oman","spain",0,NA,NA,NA,NA
"Pakistan","spain",0,NA,NA,NA,NA
"Palau","spain",1,1886,1899,1886,1899
"Panama","spain",1,1519,1821,1514,1820
"Papua New Guinea","spain",0,NA,NA,NA,NA
"Paraguay","spain",1,1537,1811,1537,1811
"Peru","spain",1,1533,1824,1532,1823
"Philippines","spain",1,1565,1898,1565,1898
"Poland","spain",0,NA,NA,NA,NA
"Portugal","spain",0,NA,NA,NA,NA
"Qatar","spain",0,NA,NA,NA,NA
"Romania","spain",0,NA,NA,NA,NA
"Russia","spain",0,NA,NA,NA,NA
"Rwanda","spain",0,NA,NA,NA,NA
"Samoa","spain",0,NA,NA,NA,NA
"San Marino","spain",0,NA,NA,NA,NA
"São Tomé & Príncipe","spain",0,NA,NA,NA,NA
"Saudi Arabia","spain",0,NA,NA,NA,NA
"Senegal","spain",0,NA,NA,NA,NA
"Serbia","spain",0,NA,NA,NA,NA
"Seychelles","spain",0,NA,NA,NA,NA
"Sierra Leone","spain",0,NA,NA,NA,NA
"Singapore","spain",0,NA,NA,NA,NA
"Slovakia","spain",0,NA,NA,NA,NA
"Slovenia","spain",0,NA,NA,NA,NA
"Solomon Islands","spain",0,NA,NA,NA,NA
"Somalia","spain",0,NA,NA,NA,NA
"South Africa","spain",0,NA,NA,NA,NA
"South Korea","spain",0,NA,NA,NA,NA
"South Sudan","spain",0,NA,NA,NA,NA
"Spain","spain",0,NA,NA,NA,NA
"Sri Lanka","spain",0,NA,NA,NA,NA
"St. Kitts & Nevis","spain",0,NA,NA,NA,NA
"St. Lucia","spain",0,NA,NA,NA,NA
"St. Vincent & Grenadines","spain",0,NA,NA,NA,NA
"Sudan","spain",0,NA,NA,NA,NA
"Suriname","spain",0,NA,NA,NA,NA
"Sweden","spain",0,NA,NA,NA,NA
"Switzerland","spain",0,NA,NA,NA,NA
"Syria","spain",0,NA,NA,NA,NA
"Taiwan","spain",0,NA,NA,NA,NA
"Tajikistan","spain",0,NA,NA,NA,NA
"Tanzania","spain",0,NA,NA,NA,NA
"Thailand","spain",0,NA,NA,NA,NA
"Timor-Leste","spain",0,NA,NA,NA,NA
"Togo","spain",0,NA,NA,NA,NA
"Tonga","spain",0,NA,NA,NA,NA
"Trinidad & Tobago","spain",1,1592,1797,1592,1797
"Tunisia","spain",0,NA,NA,NA,NA
"Turkey","spain",0,NA,NA,NA,NA
"Turkmenistan","spain",0,NA,NA,NA,NA
"Tuvalu","spain",0,NA,NA,NA,NA
"Uganda","spain",0,NA,NA,NA,NA
"Ukraine","spain",0,NA,NA,NA,NA
"United Arab Emirates","spain",0,NA,NA,NA,NA
"United Kingdom","spain",0,NA,NA,NA,NA
"United States","spain",0,NA,NA,NA,NA
"Uruguay","spain",1,1625,1828,1590,1823
"Uzbekistan","spain",0,NA,NA,NA,NA
"Vanuatu","spain",0,NA,NA,NA,NA
"Venezuela","spain",1,1556,1821,1534,1820
"Vietnam","spain",0,NA,NA,NA,NA
"Yemen","spain",0,NA,NA,NA,NA
"Zambia","spain",0,NA,NA,NA,NA
"Zimbabwe","spain",0,NA,NA,NA,NA
"Afghanistan","italy",0,NA,NA,NA,NA
"Albania","italy",0,NA,NA,NA,NA
"Algeria","italy",0,NA,NA,NA,NA
"Andorra","italy",0,NA,NA,NA,NA
"Angola","italy",0,NA,NA,NA,NA
"Antigua & Barbuda","italy",0,NA,NA,NA,NA
"Argentina","italy",0,NA,NA,NA,NA
"Armenia","italy",0,NA,NA,NA,NA
"Australia","italy",0,NA,NA,NA,NA
"Austria","italy",0,NA,NA,NA,NA
"Azerbaijan","italy",0,NA,NA,NA,NA
"Bahamas","italy",0,NA,NA,NA,NA
"Bahrain","italy",0,NA,NA,NA,NA
"Bangladesh","italy",0,NA,NA,NA,NA
"Barbados","italy",0,NA,NA,NA,NA
"Belarus","italy",0,NA,NA,NA,NA
"Belgium","italy",0,NA,NA,NA,NA
"Belize","italy",0,NA,NA,NA,NA
"Benin","italy",0,NA,NA,NA,NA
"Bhutan","italy",0,NA,NA,NA,NA
"Bolivia","italy",0,NA,NA,NA,NA
"Bosnia & Herzegovina","italy",0,NA,NA,NA,NA
"Botswana","italy",0,NA,NA,NA,NA
"Brazil","italy",0,NA,NA,NA,NA
"Brunei","italy",0,NA,NA,NA,NA
"Bulgaria","italy",0,NA,NA,NA,NA
"Burkina Faso","italy",0,NA,NA,NA,NA
"Burundi","italy",0,NA,NA,NA,NA
"Cambodia","italy",0,NA,NA,NA,NA
"Cameroon","italy",0,NA,NA,NA,NA
"Canada","italy",0,NA,NA,NA,NA
"Cape Verde","italy",0,NA,NA,NA,NA
"Central African Republic","italy",0,NA,NA,NA,NA
"Chad","italy",0,NA,NA,NA,NA
"Chile","italy",0,NA,NA,NA,NA
"China","italy",0,NA,NA,NA,NA
"Colombia","italy",0,NA,NA,NA,NA
"Comoros","italy",0,NA,NA,NA,NA
"Congo - Brazzaville","italy",0,NA,NA,NA,NA
"Congo - Kinshasa","italy",0,NA,NA,NA,NA
"Costa Rica","italy",0,NA,NA,NA,NA
"Côte d’Ivoire","italy",0,NA,NA,NA,NA
"Croatia","italy",0,NA,NA,NA,NA
"Cuba","italy",0,NA,NA,NA,NA
"Cyprus","italy",0,NA,NA,NA,NA
"Czechia","italy",0,NA,NA,NA,NA
"Denmark","italy",0,NA,NA,NA,NA
"Djibouti","italy",0,NA,NA,NA,NA
"Dominica","italy",0,NA,NA,NA,NA
"Dominican Republic","italy",0,NA,NA,NA,NA
"Ecuador","italy",0,NA,NA,NA,NA
"Egypt","italy",0,NA,NA,NA,NA
"El Salvador","italy",0,NA,NA,NA,NA
"Equatorial Guinea","italy",0,NA,NA,NA,NA
"Eritrea","italy",1,1890,1941,1885,1940
"Estonia","italy",0,NA,NA,NA,NA
"Eswatini","italy",0,NA,NA,NA,NA
"Ethiopia","italy",0,NA,NA,NA,NA
"Fiji","italy",0,NA,NA,NA,NA
"Finland","italy",0,NA,NA,NA,NA
"France","italy",0,NA,NA,NA,NA
"Gabon","italy",0,NA,NA,NA,NA
"Gambia","italy",0,NA,NA,NA,NA
"Georgia","italy",0,NA,NA,NA,NA
"Germany","italy",0,NA,NA,NA,NA
"Ghana","italy",0,NA,NA,NA,NA
"Greece","italy",0,NA,NA,NA,NA
"Grenada","italy",0,NA,NA,NA,NA
"Guatemala","italy",0,NA,NA,NA,NA
"Guinea","italy",0,NA,NA,NA,NA
"Guinea-Bissau","italy",0,NA,NA,NA,NA
"Guyana","italy",0,NA,NA,NA,NA
"Haiti","italy",0,NA,NA,NA,NA
"Honduras","italy",0,NA,NA,NA,NA
"Hungary","italy",0,NA,NA,NA,NA
"Iceland","italy",0,NA,NA,NA,NA
"India","italy",0,NA,NA,NA,NA
"Indonesia","italy",0,NA,NA,NA,NA
"Iran","italy",0,NA,NA,NA,NA
"Iraq","italy",0,NA,NA,NA,NA
"Ireland","italy",0,NA,NA,NA,NA
"Israel","italy",0,NA,NA,NA,NA
"Italy","italy",0,NA,NA,NA,NA
"Jamaica","italy",0,NA,NA,NA,NA
"Japan","italy",0,NA,NA,NA,NA
"Jordan","italy",0,NA,NA,NA,NA
"Kazakhstan","italy",0,NA,NA,NA,NA
"Kenya","italy",0,NA,NA,NA,NA
"Kiribati","italy",0,NA,NA,NA,NA
"Kosovo","italy",0,NA,NA,NA,NA
"Kuwait","italy",0,NA,NA,NA,NA
"Kyrgyzstan","italy",0,NA,NA,NA,NA
"Laos","italy",0,NA,NA,NA,NA
"Latvia","italy",0,NA,NA,NA,NA
"Lebanon","italy",0,NA,NA,NA,NA
"Lesotho","italy",0,NA,NA,NA,NA
"Liberia","italy",0,NA,NA,NA,NA
"Libya","italy",1,1912,1942,1912,1942
"Liechtenstein","italy",0,NA,NA,NA,NA
"Lithuania","italy",0,NA,NA,NA,NA
"Luxembourg","italy",0,NA,NA,NA,NA
"Madagascar","italy",0,NA,NA,NA,NA
"Malawi","italy",0,NA,NA,NA,NA
"Malaysia","italy",0,NA,NA,NA,NA
"Maldives","italy",0,NA,NA,NA,NA
"Mali","italy",0,NA,NA,NA,NA
"Malta","italy",0,NA,NA,NA,NA
"Marshall Islands","italy",0,NA,NA,NA,NA
"Mauritania","italy",0,NA,NA,NA,NA
"Mauritius","italy",0,NA,NA,NA,NA
"Mexico","italy",0,NA,NA,NA,NA
"Micronesia (Federated States of)","italy",0,NA,NA,NA,NA
"Moldova","italy",0,NA,NA,NA,NA
"Monaco","italy",0,NA,NA,NA,NA
"Mongolia","italy",0,NA,NA,NA,NA
"Montenegro","italy",0,NA,NA,NA,NA
"Morocco","italy",0,NA,NA,NA,NA
"Mozambique","italy",0,NA,NA,NA,NA
"Myanmar (Burma)","italy",0,NA,NA,NA,NA
"Namibia","italy",0,NA,NA,NA,NA
"Nauru","italy",0,NA,NA,NA,NA
"Nepal","italy",0,NA,NA,NA,NA
"Netherlands","italy",0,NA,NA,NA,NA
"New Zealand","italy",0,NA,NA,NA,NA
"Nicaragua","italy",0,NA,NA,NA,NA
"Niger","italy",0,NA,NA,NA,NA
"Nigeria","italy",0,NA,NA,NA,NA
"North Korea","italy",0,NA,NA,NA,NA
"North Macedonia","italy",0,NA,NA,NA,NA
"Norway","italy",0,NA,NA,NA,NA
"Oman","italy",0,NA,NA,NA,NA
"Pakistan","italy",0,NA,NA,NA,NA
"Palau","italy",0,NA,NA,NA,NA
"Panama","italy",0,NA,NA,NA,NA
"Papua New Guinea","italy",0,NA,NA,NA,NA
"Paraguay","italy",0,NA,NA,NA,NA
"Peru","italy",0,NA,NA,NA,NA
"Philippines","italy",0,NA,NA,NA,NA
"Poland","italy",0,NA,NA,NA,NA
"Portugal","italy",0,NA,NA,NA,NA
"Qatar","italy",0,NA,NA,NA,NA
"Romania","italy",0,NA,NA,NA,NA
"Russia","italy",0,NA,NA,NA,NA
"Rwanda","italy",0,NA,NA,NA,NA
"Samoa","italy",0,NA,NA,NA,NA
"San Marino","italy",0,NA,NA,NA,NA
"São Tomé & Príncipe","italy",0,NA,NA,NA,NA
"Saudi Arabia","italy",0,NA,NA,NA,NA
"Senegal","italy",0,NA,NA,NA,NA
"Serbia","italy",0,NA,NA,NA,NA
"Seychelles","italy",0,NA,NA,NA,NA
"Sierra Leone","italy",0,NA,NA,NA,NA
"Singapore","italy",0,NA,NA,NA,NA
"Slovakia","italy",0,NA,NA,NA,NA
"Slovenia","italy",0,NA,NA,NA,NA
"Solomon Islands","italy",0,NA,NA,NA,NA
"Somalia","italy",1,1905,1936,1905,1936
"South Africa","italy",0,NA,NA,NA,NA
"South Korea","italy",0,NA,NA,NA,NA
"South Sudan","italy",0,NA,NA,NA,NA
"Spain","italy",0,NA,NA,NA,NA
"Sri Lanka","italy",0,NA,NA,NA,NA
"St. Kitts & Nevis","italy",0,NA,NA,NA,NA
"St. Lucia","italy",0,NA,NA,NA,NA
"St. Vincent & Grenadines","italy",0,NA,NA,NA,NA
"Sudan","italy",0,NA,NA,NA,NA
"Suriname","italy",0,NA,NA,NA,NA
"Sweden","italy",0,NA,NA,NA,NA
"Switzerland","italy",0,NA,NA,NA,NA
"Syria","italy",0,NA,NA,NA,NA
"Taiwan","italy",0,NA,NA,NA,NA
"Tajikistan","italy",0,NA,NA,NA,NA
"Tanzania","italy",0,NA,NA,NA,NA
"Thailand","italy",0,NA,NA,NA,NA
"Timor-Leste","italy",0,NA,NA,NA,NA
"Togo","italy",0,NA,NA,NA,NA
"Tonga","italy",0,NA,NA,NA,NA
"Trinidad & Tobago","italy",0,NA,NA,NA,NA
"Tunisia","italy",0,NA,NA,NA,NA
"Turkey","italy",0,NA,NA,NA,NA
"Turkmenistan","italy",0,NA,NA,NA,NA
"Tuvalu","italy",0,NA,NA,NA,NA
"Uganda","italy",0,NA,NA,NA,NA
"Ukraine","italy",0,NA,NA,NA,NA
"United Arab Emirates","italy",0,NA,NA,NA,NA
"United Kingdom","italy",0,NA,NA,NA,NA
"United States","italy",0,NA,NA,NA,NA
"Uruguay","italy",0,NA,NA,NA,NA
"Uzbekistan","italy",0,NA,NA,NA,NA
"Vanuatu","italy",0,NA,NA,NA,NA
"Venezuela","italy",0,NA,NA,NA,NA
"Vietnam","italy",0,NA,NA,NA,NA
"Yemen","italy",0,NA,NA,NA,NA
"Zambia","italy",0,NA,NA,NA,NA
"Zimbabwe","italy",0,NA,NA,NA,NA
